{
    "RespawnTime": 600.0,
    "MinDistRadius": 300.0,
    "MaxDistRadius": 1200.0,
    "Group": [
        {
            "Faction": "WEST",
            "LoadoutFile": "CustomPoliceLoadout.json",
            "NumberOfAI": 5,
            "Behaviour": "LOOP",
            "Speed": "WALK",
            "RespawnTime": -2.0,
            "MinDistRadius": -2.0,
            "MaxDistRadius": -2.0,
            "StartPos": [
                2614.280029296875,
                35.11220169067383,
                3482.590087890625
            ],
            "Waypoints": [
                [
                    2614.280029296875,
                    35.11220169067383,
                    3482.590087890625
                ],
                [
                    2637.889892578125,
                    34.732398986816409,
                    3502.449951171875
                ],
                [
                    2649.330078125,
                    33.04759979248047,
                    3525.77001953125
                ],
                [
                    2649.330078125,
                    33.04759979248047,
                    3525.77001953125
                ],
                [
                    2705.260009765625,
                    22.818599700927736,
                    3574.800048828125
                ],
                [
                    2707.7900390625,
                    22.463499069213868,
                    3585.090087890625
                ],
                [
                    2752.800048828125,
                    22.462499618530275,
                    3629.679931640625
                ],
                [
                    2823.139892578125,
                    22.462499618530275,
                    3699.330078125
                ],
                [
                    2918.72998046875,
                    22.759300231933595,
                    3797.68994140625
                ],
                [
                    2923.530029296875,
                    22.462499618530275,
                    3810.7900390625
                ],
                [
                    2973.93994140625,
                    22.462499618530275,
                    3883.610107421875
                ],
                [
                    3003.5400390625,
                    22.462499618530275,
                    3948.919921875
                ],
                [
                    3007.75,
                    22.7278995513916,
                    3989.389892578125
                ],
                [
                    3025.5400390625,
                    22.72570037841797,
                    4031.300048828125
                ],
                [
                    3053.0,
                    22.462499618530275,
                    4058.18994140625
                ],
                [
                    3126.360107421875,
                    22.75510025024414,
                    4233.0400390625
                ],
                [
                    3112.06005859375,
                    22.722999572753908,
                    4235.06982421875
                ]
            ]
        },
        {
            "Faction": "WEST",
            "LoadoutFile": "CustomPoliceLoadout.json",
            "NumberOfAI": 5,
            "Behaviour": "LOOP",
            "Speed": "WALK",
            "RespawnTime": -2.0,
            "MinDistRadius": -2.0,
            "MaxDistRadius": -2.0,
            "StartPos": [
                6137.18017578125,
                8.18280029296875,
                14667.2998046875
            ],
            "Waypoints": [
                [
                    6137.18017578125,
                    8.18280029296875,
                    14667.2998046875
                ],
                [
                    6127.64990234375,
                    8.159799575805664,
                    14655.7001953125
                ],
                [
                    6127.18994140625,
                    6.345180034637451,
                    14647.099609375
                ],
                [
                    6148.16015625,
                    6.019999980926514,
                    14647.2998046875
                ],
                [
                    6148.72998046875,
                    6.019999980926514,
                    14702.099609375
                ],
                [
                    6168.66015625,
                    6.0030598640441898,
                    14728.599609375
                ],
                [
                    6169.3798828125,
                    6.013999938964844,
                    14824.400390625
                ],
                [
                    6165.39013671875,
                    6.013999938964844,
                    14827.5
                ],
                [
                    6053.97998046875,
                    6.031000137329102,
                    14827.0
                ],
                [
                    6037.31005859375,
                    6.019000053405762,
                    14826.599609375
                ],
                [
                    6037.330078125,
                    6.019999980926514,
                    14830.5
                ],
                [
                    5950.27001953125,
                    6.019999980926514,
                    14830.099609375
                ],
                [
                    5937.33984375,
                    6.019899845123291,
                    14822.400390625
                ],
                [
                    5933.1298828125,
                    6.016819953918457,
                    14809.5
                ],
                [
                    5933.27978515625,
                    6.019949913024902,
                    14585.2001953125
                ],
                [
                    5961.83984375,
                    6.019659996032715,
                    14568.7998046875
                ],
                [
                    6145.52001953125,
                    6.021560192108154,
                    14568.7001953125
                ],
                [
                    6145.2099609375,
                    6.019989967346191,
                    14584.7998046875
                ],
                [
                    6148.1298828125,
                    6.019989967346191,
                    14584.7998046875
                ],
                [
                    6147.85986328125,
                    6.019999980926514,
                    14638.7998046875
                ],
                [
                    6132.02978515625,
                    6.345170021057129,
                    14638.900390625
                ],
                [
                    6135.35009765625,
                    8.182880401611329,
                    14612.0
                ]
            ]
        },
        {
            "Faction": "WEST",
            "LoadoutFile": "CustomPoliceLoadout.json",
            "NumberOfAI": 5,
            "Behaviour": "LOOP",
            "Speed": "WALK",
            "RespawnTime": -2.0,
            "MinDistRadius": -2.0,
            "MaxDistRadius": -2.0,
            "StartPos": [
                13469.2001953125,
                12.952500343322754,
                9603.419921875
            ],